code	name	shortFileName	action	object
111110	Soybean Farming	Soybean	Farm	Soybean
111120	Oilseed (except Soybean) Farming	Oilseed	Farm	Oilseed
111130	Dry Pea and Bean Farming	DryPea	Farm	Dry Pea
111140	Wheat Farming	Wheat	Farm	Wheat
111150	Corn Farming	Corn	Farm	Corn
111160	Rice Farming	Rice	Farm	Rice
111191	Oilseed and Grain Combination Farming	OilseedGrain	Farm	Oilseed Grain
111199	All Other Grain Farming	Grain	Farm	Grain
111211	Potato Farming	Potato	Grow	Potato
111219	Other Vegetable (except Potato) and Melon Farming	VegetableMelon	Grow	Vegetable Melon
111310	Orange Groves	OrangeGroves	Grow	Orange Groves
111320	Citrus (except Orange) Groves	CitrusGroves	Grow	Citrus Groves
111331	Apple Orchards	AppleOrchards	Grow	Apple Orchards
111332	Grape Vineyards	GrapeVineyards	Grow	Grape Vineyards
111333	Strawberry Farming	Strawberry	Grow	Strawberry
111334	Berry (except Strawberry) Farming	Berry	Grow	Berry
111335	Tree Nut Farming	TreeNut	Grow	Tree Nut
111336	Fruit and Tree Nut Combination Farming	FruitTree	Grow	Fruit Tree
111339	Other Noncitrus Fruit Farming	NoncitrusFruit	Grow	Noncitrus Fruit
111411	Mushroom Production	Mushroom	Grow	Mushroom
111419	Other Food Crops Grown Under Cover	FoodCrops	Grow	Food Crops
111421	Nursery and Tree Production	NurseryTree	Grow	Nursery Tree
111422	Floriculture Production	Floriculture	Grow	Floriculture
111910	Tobacco Farming	Tobacco	Farm	Tobacco
111920	Cotton Farming	Cotton	Farm	Cotton
111930	Sugarcane Farming	Sugarcane	Farm	Sugarcane
111940	Hay Farming	Hay	Farm	Hay
111991	Sugar Beet Farming	SugarBeet	Farm	Sugar Beet
111992	Peanut Farming	Peanut	Farm	Peanut
111998	All Other Miscellaneous Crop Farming	Crop	Farm	Crop
112111	Beef Cattle Ranching and Farming	BeefCattle	Raise	Beef Cattle
112112	Cattle Feedlots	CattleFeedlots	Raise	Cattle Feedlots
112120	Dairy Cattle and Milk Production	DairyCattle	Raise	Dairy Cattle
112130	Dual-Purpose Cattle Ranching and Farming	Dual-PurposeCattle	Raise	Dual-Purpose Cattle
112210	Hog and Pig Farming	HogPig	Raise	Hog Pig
112310	Chicken Egg Production	ChickenEgg	Raise	Chicken Egg
112320	Broilers and Other Meat Type Chicken Production	Broilers	Raise	Broilers
112330	Turkey Production	Turkey	Raise	Turkey
112340	Poultry Hatcheries	PoultryHatcheries	Raise	Poultry Hatcheries
112390	Other Poultry Production	Poultry	Raise	Poultry
112410	Sheep Farming	Sheep	Raise	Sheep
112420	Goat Farming	Goat	Raise	Goat
112511	Finfish Farming and Fish Hatcheries	FinfishFarming	Raise	Finfish Farming
112512	Shellfish Farming	Shellfish	Raise	Shellfish
112519	Other Aquaculture	Aquaculture	Raise	Aquaculture
112910	Apiculture	Apiculture	Raise	Apiculture
112920	Horses and Other Equine Production	Horses	Raise	Horses
112930	Fur-Bearing Animal and Rabbit Production	Fur-BearingAnimal	Raise	Fur-Bearing Animal
112990	All Other Animal Production	Animal	Raise	Animal
113110	Timber Tract Operations	TimberTract	Manage	Timber Tract
113210	Forest Nurseries and Gathering of Forest Products	ForestNurseries	Harvest	Forest Nurseries
113310	Logging	Logging	Log	Logging
114111	Finfish Fishing	FinfishFishing	Catch	Finfish Fishing
114112	Shellfish Fishing	ShellfishFishing	Catch	Shellfish Fishing
114119	Other Marine Fishing	MarineFishing	Catch	Marine Fishing
114210	Hunting and Trapping	HuntingTrapping	Hunt	Hunting Trapping
115111	Cotton Ginning	CottonGinning	Farm	Cotton Ginning
115112	Soil Preparation, Planting, and Cultivating	SoilPreparation	Farm	Soil Preparation
115113	Crop Harvesting, Primarily by Machine	CropHarvesting	Farm	Crop Harvesting
115114	Postharvest Crop Activities (except Cotton Ginning)	PostharvestCrop	Farm	Postharvest Crop
115115	Farm Labor Contractors and Crew Leaders	FarmLabor	Farm	Farm Labor
115116	Farm Management Services	FarmManagement	Farm	Farm Management
115210	Support Activities for Animal Production	SupportActivities	Farm	Support Activities
115310	Support Activities for Forestry	SupportActivities	Farm	Support Activities
211120	Crude Petroleum Extraction	CrudePetroleum	Extract	Crude Petroleum
211130	Natural Gas Extraction	NaturalGas	Extract	Natural Gas
212114	Surface Coal Mining	SurfaceCoal	Mine	Surface Coal
212115	Underground Coal Mining	UndergroundCoal	Mine	Underground Coal
212210	Iron Ore Mining	IronOre	Mine	Iron Ore
212220	Gold Ore and Silver Ore Mining	GoldOre	Mine	Gold Ore
212230	Copper, Nickel, Lead, and Zinc Mining	Copper	Mine	Copper
212290	Other Metal Ore Mining	MetalOre	Mine	Metal Ore
212311	Dimension Stone Mining and Quarrying	DimensionStone	Quarry	Dimension Stone
212312	Crushed and Broken Limestone Mining and Quarrying	CrushedBroken	Quarry	Crushed Broken
212313	Crushed and Broken Granite Mining and Quarrying	CrushedBroken	Quarry	Crushed Broken
212319	Other Crushed and Broken Stone Mining and Quarrying	CrushedBroken	Quarry	Crushed Broken
212321	Construction Sand and Gravel Mining	ConstructionSand	Quarry	Construction Sand
212322	Industrial Sand Mining	IndustrialSand	Quarry	Industrial Sand
212323	Kaolin, Clay, and Ceramic and Refractory Minerals Mining	Kaolin	Quarry	Kaolin
212390	Other Nonmetallic Mineral Mining and Quarrying	NonmetallicMineral	Quarry	Nonmetallic Mineral
213111	Drilling Oil and Gas Wells	DrillingOil	Support	Drilling Oil
213112	Support Activities for Oil and Gas Operations	SupportActivities	Support	Support Activities
213113	Support Activities for Coal Mining	SupportActivities	Support	Support Activities
213114	Support Activities for Metal Mining	SupportActivities	Support	Support Activities
213115	Support Activities for Nonmetallic Minerals (except Fuels) Mining	SupportActivities	Support	Support Activities
221111	Hydroelectric Power Generation	HydroelectricPower	Generate	Hydroelectric Power
221112	Fossil Fuel Electric Power Generation	FossilFuel	Generate	Fossil Fuel
221113	Nuclear Electric Power Generation	NuclearElectric	Generate	Nuclear Electric
221114	Solar Electric Power Generation	SolarElectric	Generate	Solar Electric
221115	Wind Electric Power Generation	WindElectric	Generate	Wind Electric
221116	Geothermal Electric Power Generation	GeothermalElectric	Generate	Geothermal Electric
221117	Biomass Electric Power Generation	BiomassElectric	Generate	Biomass Electric
221118	Other Electric Power Generation	ElectricPower	Generate	Electric Power
221121	Electric Bulk Power Transmission and Control	ElectricBulk	Generate	Electric Bulk
221122	Electric Power Distribution	ElectricPower	Generate	Electric Power
221210	Natural Gas Distribution	NaturalGas	Distribute	Natural Gas
221310	Water Supply and Irrigation Systems	WaterSupply	Supply	Water Supply
221320	Sewage Treatment Facilities	SewageTreatment	Supply	Sewage Treatment
221330	Steam and Air-Conditioning Supply	SteamAir-Conditioning	Supply	Steam Air-Conditioning
236115	New Single-Family Housing Construction (except For-Sale Builders)	NewSingle-Family	Build	New Single-Family
236116	New Multifamily Housing Construction (except For-Sale Builders)	NewMultifamily	Build	New Multifamily
236117	New Housing For-Sale Builders	NewHousing	Build	New Housing
236118	Residential Remodelers	ResidentialRemodelers	Build	Residential Remodelers
236210	Industrial Building Construction	IndustrialBuilding	Build	Industrial Building
236220	Commercial and Institutional Building Construction	CommercialInstitutional	Build	Commercial Institutional
237110	Water and Sewer Line and Related Structures Construction	WaterSewer	Install	Water Sewer
237120	Oil and Gas Pipeline and Related Structures Construction	OilGas	Install	Oil Gas
237130	Power and Communication Line and Related Structures Construction	PowerCommunication	Install	Power Communication
237210	Land Subdivision	LandSubdivision	Subdivide	Land Subdivision
237310	Highway, Street, and Bridge Construction	Highway	Build	Highway
237990	Other Heavy and Civil Engineering Construction	HeavyCivil	Build	Heavy Civil
238110	Poured Concrete Foundation and Structure Contractors	PouredConcrete	Install	Poured Concrete
238120	Structural Steel and Precast Concrete Contractors	StructuralSteel	Install	Structural Steel
238130	Framing Contractors	FramingContractors	Install	Framing Contractors
238140	Masonry Contractors	MasonryContractors	Install	Masonry Contractors
238150	Glass and Glazing Contractors	GlassGlazing	Install	Glass Glazing
238160	Roofing Contractors	RoofingContractors	Install	Roofing Contractors
238170	Siding Contractors	SidingContractors	Install	Siding Contractors
238190	Other Foundation, Structure, and Building Exterior Contractors	Foundation	Install	Foundation
238210	Electrical Contractors and Other Wiring Installation Contractors	ElectricalContractors	Install	Electrical Contractors
238220	Plumbing, Heating, and Air-Conditioning Contractors	Plumbing	Install	Plumbing
238290	Other Building Equipment Contractors	BuildingEquipment	Install	Building Equipment
238310	Drywall and Insulation Contractors	DrywallInsulation	Finish	Drywall Insulation
238320	Painting and Wall Covering Contractors	PaintingWall	Finish	Painting Wall
238330	Flooring Contractors	FlooringContractors	Finish	Flooring Contractors
238340	Tile and Terrazzo Contractors	TileTerrazzo	Finish	Tile Terrazzo
238350	Finish Carpentry Contractors	FinishCarpentry	Finish	Finish Carpentry
238390	Other Building Finishing Contractors	BuildingFinishing	Finish	Building Finishing
238910	Site Preparation Contractors	SitePreparation	Contract	Site Preparation
238990	All Other Specialty Trade Contractors	SpecialtyTrade	Contract	Specialty Trade
311111	Dog and Cat Food Manufacturing	DogCat	Manufacture	Dog Cat
311119	Other Animal Food Manufacturing	AnimalFood	Manufacture	Animal Food
311211	Flour Milling	FlourMilling	Mill	Flour Milling
311212	Rice Milling	RiceMilling	Mill	Rice Milling
311213	Malt Manufacturing	Malt	Mill	Malt
311221	Wet Corn Milling and Starch Manufacturing	WetCorn	Mill	Wet Corn
311224	Soybean and Other Oilseed Processing	Soybean	Mill	Soybean
311225	Fats and Oils Refining and Blending	FatsOils	Mill	Fats Oils
311230	Breakfast Cereal Manufacturing	BreakfastCereal	Mill	Breakfast Cereal
311313	Beet Sugar Manufacturing	BeetSugar	Manufacture	Beet Sugar
311314	Cane Sugar Manufacturing	CaneSugar	Manufacture	Cane Sugar
311340	Nonchocolate Confectionery Manufacturing	NonchocolateConfectionery	Manufacture	Nonchocolate Confectionery
311351	Chocolate and Confectionery Manufacturing from Cacao Beans	ChocolateConfectionery	Manufacture	Chocolate Confectionery
311352	Confectionery Manufacturing from Purchased Chocolate	ConfectioneryManufacturing	Manufacture	Confectionery Manufacturing
311411	Frozen Fruit, Juice, and Vegetable Manufacturing	FrozenFruit	Preserve	Frozen Fruit
311412	Frozen Specialty Food Manufacturing	FrozenSpecialty	Preserve	Frozen Specialty
311421	Fruit and Vegetable Canning	FruitVegetable	Preserve	Fruit Vegetable
311422	Specialty Canning	SpecialtyCanning	Preserve	Specialty Canning
311423	Dried and Dehydrated Food Manufacturing	DriedDehydrated	Preserve	Dried Dehydrated
311511	Fluid Milk Manufacturing	FluidMilk	Process	Fluid Milk
311512	Creamery Butter Manufacturing	CreameryButter	Process	Creamery Butter
311513	Cheese Manufacturing	Cheese	Process	Cheese
311514	Dry, Condensed, and Evaporated Dairy Product Manufacturing	Dry	Process	Dry
311520	Ice Cream and Frozen Dessert Manufacturing	IceCream	Process	Ice Cream
311611	Animal (except Poultry) Slaughtering	AnimalSlaughtering	Process	Animal Slaughtering
311612	Meat Processed from Carcasses	MeatProcessed	Process	Meat Processed
311613	Rendering and Meat Byproduct Processing	RenderingMeat	Process	Rendering Meat
311615	Poultry Processing	PoultryProcessing	Process	Poultry Processing
311710	Seafood Product Preparation and Packaging	SeafoodProduct	Process	Seafood Product
311811	Retail Bakeries	RetailBakeries	Bake	Retail Bakeries
311812	Commercial Bakeries	CommercialBakeries	Bake	Commercial Bakeries
311813	Frozen Cakes, Pies, and Other Pastries Manufacturing	FrozenCakes	Bake	Frozen Cakes
311821	Cookie and Cracker Manufacturing	CookieCracker	Bake	Cookie Cracker
311824	Dry Pasta, Dough, and Flour Mixes Manufacturing from Purchased Flour	DryPasta	Bake	Dry Pasta
311830	Tortilla Manufacturing	Tortilla	Bake	Tortilla
311911	Roasted Nuts and Peanut Butter Manufacturing	RoastedNuts	Manufacture	Roasted Nuts
311919	Other Snack Food Manufacturing	SnackFood	Manufacture	Snack Food
311920	Coffee and Tea Manufacturing	CoffeeTea	Manufacture	Coffee Tea
311930	Flavoring Syrup and Concentrate Manufacturing	FlavoringSyrup	Manufacture	Flavoring Syrup
311941	Mayonnaise, Dressing, and Other Prepared Sauce Manufacturing	Mayonnaise	Manufacture	Mayonnaise
311942	Spice and Extract Manufacturing	SpiceExtract	Manufacture	Spice Extract
311991	Perishable Prepared Food Manufacturing	PerishablePrepared	Manufacture	Perishable Prepared
311999	All Other Miscellaneous Food Manufacturing	Food	Manufacture	Food
312111	Soft Drink Manufacturing	SoftDrink	Brew	Soft Drink
312112	Bottled Water Manufacturing	BottledWater	Brew	Bottled Water
312113	Ice Manufacturing	Ice	Brew	Ice
312120	Breweries	Breweries	Brew	Breweries
312130	Wineries	Wineries	Brew	Wineries
312140	Distilleries	Distilleries	Brew	Distilleries
312230	Tobacco Manufacturing	Tobacco	Manufacture	Tobacco
313110	Fiber, Yarn, and Thread Mills	Fiber	Mill	Fiber
313210	Broadwoven Fabric Mills	BroadwovenFabric	Weave	Broadwoven Fabric
313220	Narrow Fabric Mills and Schiffli Machine Embroidery	NarrowFabric	Weave	Narrow Fabric
313230	Nonwoven Fabric Mills	NonwovenFabric	Weave	Nonwoven Fabric
313240	Knit Fabric Mills	KnitFabric	Weave	Knit Fabric
313310	Textile and Fabric Finishing Mills	TextileFabric	Finish	Textile Fabric
313320	Fabric Coating Mills	FabricCoating	Finish	Fabric Coating
314110	Carpet and Rug Mills	CarpetRug	Mill	Carpet Rug
314120	Curtain and Linen Mills	CurtainLinen	Mill	Curtain Linen
314910	Textile Bag and Canvas Mills	TextileBag	Mill	Textile Bag
314994	Rope, Cordage, Twine, Tire Cord, and Tire Fabric Mills	Rope	Mill	Rope
314999	All Other Miscellaneous Textile Product Mills	TextileProduct	Mill	Textile Product
315120	Apparel Knitting Mills	ApparelKnitting	Knit	Apparel Knitting
315210	Cut and Sew Apparel Contractors	CutSew	Manufacture	Cut Sew
315250	Cut and Sew Apparel Manufacturing (except Contractors)	CutSew	Manufacture	Cut Sew
315990	Apparel Accessories and Other Apparel Manufacturing	ApparelAccessories	Manufacture	Apparel Accessories
316110	Leather and Hide Tanning and Finishing	LeatherHide	Tan	Leather Hide
316210	Footwear Manufacturing	Footwear	Manufacture	Footwear
316990	Other Leather and Allied Product Manufacturing	LeatherAllied	Manufacture	Leather Allied
321113	Sawmills	Sawmills	Mill	Sawmills
321114	Wood Preservation	WoodPreservation	Mill	Wood Preservation
321211	Hardwood Veneer and Plywood Manufacturing	HardwoodVeneer	Manufacture	Hardwood Veneer
321212	Softwood Veneer and Plywood Manufacturing	SoftwoodVeneer	Manufacture	Softwood Veneer
321215	Engineered Wood Member Manufacturing	EngineeredWood	Manufacture	Engineered Wood
321219	Reconstituted Wood Product Manufacturing	ReconstitutedWood	Manufacture	Reconstituted Wood
321911	Wood Window and Door Manufacturing	WoodWindow	Manufacture	Wood Window
321912	Cut Stock, Resawing Lumber, and Planing	CutStock	Manufacture	Cut Stock
321918	Other Millwork (including Flooring)	Millwork	Manufacture	Millwork
321920	Wood Container and Pallet Manufacturing	WoodContainer	Manufacture	Wood Container
321991	Manufactured Home (Mobile Home) Manufacturing	ManufacturedHome	Manufacture	Manufactured Home
321992	Prefabricated Wood Building Manufacturing	PrefabricatedWood	Manufacture	Prefabricated Wood
321999	All Other Miscellaneous Wood Product Manufacturing	WoodProduct	Manufacture	Wood Product
322110	Pulp Mills	PulpMills	Mill	Pulp Mills
322120	Paper Mills	PaperMills	Mill	Paper Mills
322130	Paperboard Mills	PaperboardMills	Mill	Paperboard Mills
322211	Corrugated and Solid Fiber Box Manufacturing	CorrugatedSolid	Manufacture	Corrugated Solid
322212	Folding Paperboard Box Manufacturing	FoldingPaperboard	Manufacture	Folding Paperboard
322219	Other Paperboard Container Manufacturing	PaperboardContainer	Manufacture	Paperboard Container
322220	Paper Bag and Coated and Treated Paper Manufacturing	PaperBag	Manufacture	Paper Bag
322230	Stationery Product Manufacturing	StationeryProduct	Manufacture	Stationery Product
322291	Sanitary Paper Product Manufacturing	SanitaryPaper	Manufacture	Sanitary Paper
322299	All Other Converted Paper Product Manufacturing	ConvertedPaper	Manufacture	Converted Paper
323111	Commercial Printing (except Screen and Books)	CommercialPrinting	Print	Commercial Printing
323113	Commercial Screen Printing	CommercialScreen	Print	Commercial Screen
323117	Books Printing	BooksPrinting	Print	Books Printing
323120	Support Activities for Printing	SupportActivities	Print	Support Activities
324110	Petroleum Refineries	PetroleumRefineries	Refine	Petroleum Refineries
324121	Asphalt Paving Mixture and Block Manufacturing	AsphaltPaving	Refine	Asphalt Paving
324122	Asphalt Shingle and Coating Materials Manufacturing	AsphaltShingle	Refine	Asphalt Shingle
324191	Petroleum Lubricating Oil and Grease Manufacturing	PetroleumLubricating	Refine	Petroleum Lubricating
324199	All Other Petroleum and Coal Products Manufacturing	PetroleumCoal	Refine	Petroleum Coal
325110	Petrochemical Manufacturing	Petrochemical	Manufacture	Petrochemical
325120	Industrial Gas Manufacturing	IndustrialGas	Manufacture	Industrial Gas
325130	Synthetic Dye and Pigment Manufacturing	SyntheticDye	Manufacture	Synthetic Dye
325180	Other Basic Inorganic Chemical Manufacturing	BasicInorganic	Manufacture	Basic Inorganic
325193	Ethyl Alcohol Manufacturing	EthylAlcohol	Manufacture	Ethyl Alcohol
325194	Cyclic Crude, Intermediate, and Gum and Wood Chemical Manufacturing	CyclicCrude	Manufacture	Cyclic Crude
325199	All Other Basic Organic Chemical Manufacturing	BasicOrganic	Manufacture	Basic Organic
325211	Plastics Material and Resin Manufacturing	PlasticsMaterial	Manufacture	Plastics Material
325212	Synthetic Rubber Manufacturing	SyntheticRubber	Manufacture	Synthetic Rubber
325220	Artificial and Synthetic Fibers and Filaments Manufacturing	ArtificialSynthetic	Manufacture	Artificial Synthetic
325311	Nitrogenous Fertilizer Manufacturing	NitrogenousFertilizer	Manufacture	Nitrogenous Fertilizer
325312	Phosphatic Fertilizer Manufacturing	PhosphaticFertilizer	Manufacture	Phosphatic Fertilizer
325314	Fertilizer (Mixing Only) Manufacturing	Fertilizer	Manufacture	Fertilizer
325315	Compost Manufacturing	Compost	Manufacture	Compost
325320	Pesticide and Other Agricultural Chemical Manufacturing	Pesticide	Manufacture	Pesticide
325411	Medicinal and Botanical Manufacturing	MedicinalBotanical	Manufacture	Medicinal Botanical
325412	Pharmaceutical Preparation Manufacturing	PharmaceuticalPreparation	Manufacture	Pharmaceutical Preparation
325413	In-Vitro Diagnostic Substance Manufacturing	In-VitroDiagnostic	Manufacture	In-Vitro Diagnostic
325414	Biological Product (except Diagnostic) Manufacturing	BiologicalProduct	Manufacture	Biological Product
325510	Paint and Coating Manufacturing	PaintCoating	Manufacture	Paint Coating
325520	Adhesive Manufacturing	Adhesive	Manufacture	Adhesive
325611	Soap and Other Detergent Manufacturing	Soap	Manufacture	Soap
325612	Polish and Other Sanitation Good Manufacturing	Polish	Manufacture	Polish
325613	Surface Active Agent Manufacturing	SurfaceActive	Manufacture	Surface Active
325620	Toilet Preparation Manufacturing	ToiletPreparation	Manufacture	Toilet Preparation
325910	Printing Ink Manufacturing	PrintingInk	Manufacture	Printing Ink
325920	Explosives Manufacturing	Explosives	Manufacture	Explosives
325991	Custom Compounding of Purchased Resins	CustomCompounding	Manufacture	Custom Compounding
325992	Photographic Film, Paper, Plate, Chemical, and Copy Toner Manufacturing	PhotographicFilm	Manufacture	Photographic Film
325998	All Other Miscellaneous Chemical Product and Preparation Manufacturing	ChemicalProduct	Manufacture	Chemical Product
326111	Plastics Bag and Pouch Manufacturing	PlasticsBag	Manufacture	Plastics Bag
326112	Plastics Packaging Film and Sheet (including Laminated) Manufacturing	PlasticsPackaging	Manufacture	Plastics Packaging
326113	Unlaminated Plastics Film and Sheet (except Packaging) Manufacturing	UnlaminatedPlastics	Manufacture	Unlaminated Plastics
326121	Unlaminated Plastics Profile Shape Manufacturing	UnlaminatedPlastics	Manufacture	Unlaminated Plastics
326122	Plastics Pipe and Pipe Fitting Manufacturing	PlasticsPipe	Manufacture	Plastics Pipe
326130	Laminated Plastics Plate, Sheet (except Packaging), and Shape Manufacturing	LaminatedPlastics	Manufacture	Laminated Plastics
326140	Polystyrene Foam Product Manufacturing	PolystyreneFoam	Manufacture	Polystyrene Foam
326150	Urethane and Other Foam Product (except Polystyrene) Manufacturing	Urethane	Manufacture	Urethane
326160	Plastics Bottle Manufacturing	PlasticsBottle	Manufacture	Plastics Bottle
326191	Plastics Plumbing Fixture Manufacturing	PlasticsPlumbing	Manufacture	Plastics Plumbing
326199	All Other Plastics Product Manufacturing	PlasticsProduct	Manufacture	Plastics Product
326211	Tire Manufacturing (except Retreading)	Tire	Manufacture	Tire
326212	Tire Retreading	TireRetreading	Manufacture	Tire Retreading
326220	Rubber and Plastics Hoses and Belting Manufacturing	RubberPlastics	Manufacture	Rubber Plastics
326291	Rubber Product Manufacturing for Mechanical Use	RubberProduct	Manufacture	Rubber Product
326299	All Other Rubber Product Manufacturing	RubberProduct	Manufacture	Rubber Product
327110	Pottery, Ceramics, and Plumbing Fixture Manufacturing	Pottery	Manufacture	Pottery
327120	Clay Building Material and Refractories Manufacturing	ClayBuilding	Manufacture	Clay Building
327211	Flat Glass Manufacturing	FlatGlass	Manufacture	Flat Glass
327212	Other Pressed and Blown Glass and Glassware Manufacturing	PressedBlown	Manufacture	Pressed Blown
327213	Glass Container Manufacturing	GlassContainer	Manufacture	Glass Container
327215	Glass Product Manufacturing Made of Purchased Glass	GlassProduct	Manufacture	Glass Product
327310	Cement Manufacturing	Cement	Manufacture	Cement
327320	Ready-Mix Concrete Manufacturing	Ready-MixConcrete	Manufacture	Ready-Mix Concrete
327331	Concrete Block and Brick Manufacturing	ConcreteBlock	Manufacture	Concrete Block
327332	Concrete Pipe Manufacturing	ConcretePipe	Manufacture	Concrete Pipe
327390	Other Concrete Product Manufacturing	ConcreteProduct	Manufacture	Concrete Product
327410	Lime Manufacturing	Lime	Manufacture	Lime
327420	Gypsum Product Manufacturing	GypsumProduct	Manufacture	Gypsum Product
327910	Abrasive Product Manufacturing	AbrasiveProduct	Manufacture	Abrasive Product
327991	Cut Stone and Stone Product Manufacturing	CutStone	Manufacture	Cut Stone
327992	Ground or Treated Mineral and Earth Manufacturing	GroundTreated	Manufacture	Ground Treated
327993	Mineral Wool Manufacturing	MineralWool	Manufacture	Mineral Wool
327999	All Other Miscellaneous Nonmetallic Mineral Product Manufacturing	NonmetallicMineral	Manufacture	Nonmetallic Mineral
331110	Iron and Steel Mills and Ferroalloy Manufacturing	IronSteel	Smelt	Iron Steel
331210	Iron and Steel Pipe and Tube Manufacturing from Purchased Steel	IronSteel	Manufacture	Iron Steel
331221	Rolled Steel Shape Manufacturing	RolledSteel	Manufacture	Rolled Steel
331222	Steel Wire Drawing	SteelWire	Manufacture	Steel Wire
331313	Alumina Refining and Primary Aluminum Production	AluminaRefining	Refine	Alumina Refining
331314	Secondary Smelting and Alloying of Aluminum	SecondarySmelting	Refine	Secondary Smelting
331315	Aluminum Sheet, Plate, and Foil Manufacturing	AluminumSheet	Refine	Aluminum Sheet
331318	Other Aluminum Rolling, Drawing, and Extruding	AluminumRolling	Refine	Aluminum Rolling
331410	Nonferrous Metal (except Aluminum) Smelting and Refining	NonferrousMetal	Refine	Nonferrous Metal
331420	Copper Rolling, Drawing, Extruding, and Alloying	CopperRolling	Refine	Copper Rolling
331491	Nonferrous Metal (except Copper and Aluminum) Rolling, Drawing, and Extruding	NonferrousMetal	Refine	Nonferrous Metal
331492	Secondary Smelting, Refining, and Alloying of Nonferrous Metal (except Copper and Aluminum)	SecondarySmelting	Refine	Secondary Smelting
331511	Iron Foundries	IronFoundries	Cast	Iron Foundries
331512	Steel Investment Foundries	SteelInvestment	Cast	Steel Investment
331513	Steel Foundries (except Investment)	SteelFoundries	Cast	Steel Foundries
331523	Nonferrous Metal Die-Casting Foundries	NonferrousMetal	Cast	Nonferrous Metal
331524	Aluminum Foundries (except Die-Casting)	AluminumFoundries	Cast	Aluminum Foundries
331529	Other Nonferrous Metal Foundries (except Die-Casting)	NonferrousMetal	Cast	Nonferrous Metal
332111	Iron and Steel Forging	IronSteel	Forge	Iron Steel
332112	Nonferrous Forging	NonferrousForging	Forge	Nonferrous Forging
332114	Custom Roll Forming	CustomRoll	Forge	Custom Roll
332117	Powder Metallurgy Part Manufacturing	PowderMetallurgy	Forge	Powder Metallurgy
332119	Metal Crown, Closure, and Other Metal Stamping (except Automotive)	MetalCrown	Forge	Metal Crown
332215	Metal Kitchen Cookware, Utensil, Cutlery, and Flatware (except Precious) Manufacturing	MetalKitchen	Manufacture	Metal Kitchen
332216	Saw Blade and Handtool Manufacturing	SawBlade	Manufacture	Saw Blade
332311	Prefabricated Metal Building and Component Manufacturing	PrefabricatedMetal	Fabricate	Prefabricated Metal
332312	Fabricated Structural Metal Manufacturing	FabricatedStructural	Fabricate	Fabricated Structural
332313	Plate Work Manufacturing	PlateWork	Fabricate	Plate Work
332321	Metal Window and Door Manufacturing	MetalWindow	Fabricate	Metal Window
332322	Sheet Metal Work Manufacturing	SheetMetal	Fabricate	Sheet Metal
332323	Ornamental and Architectural Metal Work Manufacturing	OrnamentalArchitectural	Fabricate	Ornamental Architectural
332410	Power Boiler and Heat Exchanger Manufacturing	PowerBoiler	Manufacture	Power Boiler
332420	Metal Tank (Heavy Gauge) Manufacturing	MetalTank	Manufacture	Metal Tank
332431	Metal Can Manufacturing	MetalCan	Manufacture	Metal Can
332439	Other Metal Container Manufacturing	MetalContainer	Manufacture	Metal Container
332510	Hardware Manufacturing	Hardware	Manufacture	Hardware
332613	Spring Manufacturing	Spring	Manufacture	Spring
332618	Other Fabricated Wire Product Manufacturing	FabricatedWire	Manufacture	Fabricated Wire
332710	Machine Shops	MachineShops	Machine	Machine Shops
332721	Precision Turned Product Manufacturing	PrecisionTurned	Machine	Precision Turned
332722	Bolt, Nut, Screw, Rivet, and Washer Manufacturing	Bolt	Machine	Bolt
332811	Metal Heat Treating	MetalHeat	Coat	Metal Heat
332812	Metal Coating, Engraving (except Jewelry and Silverware), and Allied Services to Manufacturers	MetalCoating	Coat	Metal Coating
332813	Electroplating, Plating, Polishing, Anodizing, and Coloring	Electroplating	Coat	Electroplating
332911	Industrial Valve Manufacturing	IndustrialValve	Fabricate	Industrial Valve
332912	Fluid Power Valve and Hose Fitting Manufacturing	FluidPower	Fabricate	Fluid Power
332913	Plumbing Fixture Fitting and Trim Manufacturing	PlumbingFixture	Fabricate	Plumbing Fixture
332919	Other Metal Valve and Pipe Fitting Manufacturing	MetalValve	Fabricate	Metal Valve
332991	Ball and Roller Bearing Manufacturing	BallRoller	Fabricate	Ball Roller
332992	Small Arms Ammunition Manufacturing	SmallArms	Fabricate	Small Arms
332993	Ammunition (except Small Arms) Manufacturing	Ammunition	Fabricate	Ammunition
332994	Small Arms, Ordnance, and Ordnance Accessories Manufacturing	SmallArms	Fabricate	Small Arms
332996	Fabricated Pipe and Pipe Fitting Manufacturing	FabricatedPipe	Fabricate	Fabricated Pipe
332999	All Other Miscellaneous Fabricated Metal Product Manufacturing	FabricatedMetal	Fabricate	Fabricated Metal
333111	Farm Machinery and Equipment Manufacturing	FarmMachinery	Manufacture	Farm Machinery
333112	Lawn and Garden Tractor and Home Lawn and Garden Equipment Manufacturing	LawnGarden	Manufacture	Lawn Garden
333120	Construction Machinery Manufacturing	ConstructionMachinery	Manufacture	Construction Machinery
333131	Mining Machinery and Equipment Manufacturing	MiningMachinery	Manufacture	Mining Machinery
333132	Oil and Gas Field Machinery and Equipment Manufacturing	OilGas	Manufacture	Oil Gas
333241	Food Product Machinery Manufacturing	FoodProduct	Manufacture	Food Product
333242	Semiconductor Machinery Manufacturing	SemiconductorMachinery	Manufacture	Semiconductor Machinery
333243	Sawmill, Woodworking, and Paper Machinery Manufacturing	Sawmill	Manufacture	Sawmill
333248	All Other Industrial Machinery Manufacturing	IndustrialMachinery	Manufacture	Industrial Machinery
333310	Commercial and Service Industry Machinery Manufacturing	CommercialService	Manufacture	Commercial Service
333413	Industrial and Commercial Fan and Blower and Air Purification Equipment Manufacturing	IndustrialCommercial	Manufacture	Industrial Commercial
333414	Heating Equipment (except Warm Air Furnaces) Manufacturing	HeatingEquipment	Manufacture	Heating Equipment
333415	Air-Conditioning and Warm Air Heating Equipment and Commercial and Industrial Refrigeration Equipment Manufacturing	Air-ConditioningWarm	Manufacture	Air-Conditioning Warm
333511	Industrial Mold Manufacturing	IndustrialMold	Manufacture	Industrial Mold
333514	Special Die and Tool, Die Set, Jig, and Fixture Manufacturing	SpecialDie	Manufacture	Special Die
333515	Cutting Tool and Machine Tool Accessory Manufacturing	CuttingTool	Manufacture	Cutting Tool
333517	Machine Tool Manufacturing	MachineTool	Manufacture	Machine Tool
333519	Rolling Mill and Other Metalworking Machinery Manufacturing	RollingMill	Manufacture	Rolling Mill
333611	Turbine and Turbine Generator Set Units Manufacturing	TurbineTurbine	Manufacture	Turbine Turbine
333612	Speed Changer, Industrial High-Speed Drive, and Gear Manufacturing	SpeedChanger	Manufacture	Speed Changer
333613	Mechanical Power Transmission Equipment Manufacturing	MechanicalPower	Manufacture	Mechanical Power
333618	Other Engine Equipment Manufacturing	EngineEquipment	Manufacture	Engine Equipment
333912	Air and Gas Compressor Manufacturing	AirGas	Manufacture	Air Gas
333914	Measuring, Dispensing, and Other Pumping Equipment Manufacturing	Measuring	Manufacture	Measuring
333921	Elevator and Moving Stairway Manufacturing	ElevatorMoving	Manufacture	Elevator Moving
333922	Conveyor and Conveying Equipment Manufacturing	ConveyorConveying	Manufacture	Conveyor Conveying
333923	Overhead Traveling Crane, Hoist, and Monorail System Manufacturing	OverheadTraveling	Manufacture	Overhead Traveling
333924	Industrial Truck, Tractor, Trailer, and Stacker Machinery Manufacturing	IndustrialTruck	Manufacture	Industrial Truck
333991	Power-Driven Handtool Manufacturing	Power-DrivenHandtool	Manufacture	Power-Driven Handtool
333992	Welding and Soldering Equipment Manufacturing	WeldingSoldering	Manufacture	Welding Soldering
333993	Packaging Machinery Manufacturing	PackagingMachinery	Manufacture	Packaging Machinery
333994	Industrial Process Furnace and Oven Manufacturing	IndustrialProcess	Manufacture	Industrial Process
333995	Fluid Power Cylinder and Actuator Manufacturing	FluidPower	Manufacture	Fluid Power
333996	Fluid Power Pump and Motor Manufacturing	FluidPower	Manufacture	Fluid Power
333998	All Other Miscellaneous General Purpose Machinery Manufacturing	GeneralPurpose	Manufacture	General Purpose
334111	Electronic Computer Manufacturing	ElectronicComputer	Manufacture	Electronic Computer
334112	Computer Storage Device Manufacturing	ComputerStorage	Manufacture	Computer Storage
334118	Computer Terminal and Other Computer Peripheral Equipment Manufacturing	ComputerTerminal	Manufacture	Computer Terminal
334210	Telephone Apparatus Manufacturing	TelephoneApparatus	Manufacture	Telephone Apparatus
334220	Radio and Television Broadcasting and Wireless Communications Equipment Manufacturing	RadioTelevision	Manufacture	Radio Television
334290	Other Communications Equipment Manufacturing	CommunicationsEquipment	Manufacture	Communications Equipment
334310	Audio and Video Equipment Manufacturing	AudioVideo	Manufacture	Audio Video
334412	Bare Printed Circuit Board Manufacturing	BarePrinted	Fabricate	Bare Printed
334413	Semiconductor and Related Device Manufacturing	Semiconductor	Fabricate	Semiconductor
334416	Capacitor, Resistor, Coil, Transformer, and Other Inductor Manufacturing	Capacitor	Fabricate	Capacitor
334417	Electronic Connector Manufacturing	ElectronicConnector	Fabricate	Electronic Connector
334418	Printed Circuit Assembly (Electronic Assembly) Manufacturing	PrintedCircuit	Fabricate	Printed Circuit
334419	Other Electronic Component Manufacturing	ElectronicComponent	Fabricate	Electronic Component
334510	Electromedical and Electrotherapeutic Apparatus Manufacturing	ElectromedicalElectrotherapeutic	Manufacture	Electromedical Electrotherapeutic
334511	Search, Detection, Navigation, Guidance, Aeronautical, and Nautical System and Instrument Manufacturing	Search	Manufacture	Search
334512	Automatic Environmental Control Manufacturing for Residential, Commercial, and Appliance Use	AutomaticEnvironmental	Manufacture	Automatic Environmental
334513	Instruments and Related Products Manufacturing for Measuring, Displaying, and Controlling Industrial Process Variables	Instruments	Manufacture	Instruments
334514	Totalizing Fluid Meter and Counting Device Manufacturing	TotalizingFluid	Manufacture	Totalizing Fluid
334515	Instrument Manufacturing for Measuring and Testing Electricity and Electrical Signals	InstrumentManufacturing	Manufacture	Instrument Manufacturing
334516	Analytical Laboratory Instrument Manufacturing	AnalyticalLaboratory	Manufacture	Analytical Laboratory
334517	Irradiation Apparatus Manufacturing	IrradiationApparatus	Manufacture	Irradiation Apparatus
334519	Other Measuring and Controlling Device Manufacturing	MeasuringControlling	Manufacture	Measuring Controlling
334610	Manufacturing and Reproducing Magnetic and Optical Media	ManufacturingReproducing	Manufacture	Manufacturing Reproducing
335131	Residential Electric Lighting Fixture Manufacturing	ResidentialElectric	Manufacture	Residential Electric
335132	Commercial, Industrial, and Institutional Electric Lighting Fixture Manufacturing	Commercial	Manufacture	Commercial
335139	Electric Lamp Bulb and Other Lighting Equipment Manufacturing	ElectricLamp	Manufacture	Electric Lamp
335210	Small Electrical Appliance Manufacturing	SmallElectrical	Manufacture	Small Electrical
335220	Major Household Appliance Manufacturing	MajorHousehold	Manufacture	Major Household
335311	Power, Distribution, and Specialty Transformer Manufacturing	Power	Manufacture	Power
335312	Motor and Generator Manufacturing	MotorGenerator	Manufacture	Motor Generator
335313	Switchgear and Switchboard Apparatus Manufacturing	SwitchgearSwitchboard	Manufacture	Switchgear Switchboard
335314	Relay and Industrial Control Manufacturing	RelayIndustrial	Manufacture	Relay Industrial
335910	Battery Manufacturing	Battery	Manufacture	Battery
335921	Fiber Optic Cable Manufacturing	FiberOptic	Manufacture	Fiber Optic
335929	Other Communication and Energy Wire Manufacturing	CommunicationEnergy	Manufacture	Communication Energy
335931	Current-Carrying Wiring Device Manufacturing	Current-CarryingWiring	Manufacture	Current-Carrying Wiring
335932	Noncurrent-Carrying Wiring Device Manufacturing	Noncurrent-CarryingWiring	Manufacture	Noncurrent-Carrying Wiring
335991	Carbon and Graphite Product Manufacturing	CarbonGraphite	Manufacture	Carbon Graphite
335999	All Other Miscellaneous Electrical Equipment and Component Manufacturing	ElectricalEquipment	Manufacture	Electrical Equipment
336110	Automobile and Light Duty Motor Vehicle Manufacturing	AutomobileLight	Manufacture	Automobile Light
336120	Heavy Duty Truck Manufacturing	HeavyDuty	Manufacture	Heavy Duty
336211	Motor Vehicle Body Manufacturing	MotorVehicle	Manufacture	Motor Vehicle
336212	Truck Trailer Manufacturing	TruckTrailer	Manufacture	Truck Trailer
336213	Motor Home Manufacturing	MotorHome	Manufacture	Motor Home
336214	Travel Trailer and Camper Manufacturing	TravelTrailer	Manufacture	Travel Trailer
336310	Motor Vehicle Gasoline Engine and Engine Parts Manufacturing	MotorVehicle	Manufacture	Motor Vehicle
336320	Motor Vehicle Electrical and Electronic Equipment Manufacturing	MotorVehicle	Manufacture	Motor Vehicle
336330	Motor Vehicle Steering and Suspension Components (except Spring) Manufacturing	MotorVehicle	Manufacture	Motor Vehicle
336340	Motor Vehicle Brake System Manufacturing	MotorVehicle	Manufacture	Motor Vehicle
336350	Motor Vehicle Transmission and Power Train Parts Manufacturing	MotorVehicle	Manufacture	Motor Vehicle
336360	Motor Vehicle Seating and Interior Trim Manufacturing	MotorVehicle	Manufacture	Motor Vehicle
336370	Motor Vehicle Metal Stamping	MotorVehicle	Manufacture	Motor Vehicle
336390	Other Motor Vehicle Parts Manufacturing	MotorVehicle	Manufacture	Motor Vehicle
336411	Aircraft Manufacturing	Aircraft	Manufacture	Aircraft
336412	Aircraft Engine and Engine Parts Manufacturing	AircraftEngine	Manufacture	Aircraft Engine
336413	Other Aircraft Parts and Auxiliary Equipment Manufacturing	AircraftParts	Manufacture	Aircraft Parts
336414	Guided Missile and Space Vehicle Manufacturing	GuidedMissile	Manufacture	Guided Missile
336415	Guided Missile and Space Vehicle Propulsion Unit and Propulsion Unit Parts Manufacturing	GuidedMissile	Manufacture	Guided Missile
336419	Other Guided Missile and Space Vehicle Parts and Auxiliary Equipment Manufacturing	GuidedMissile	Manufacture	Guided Missile
336510	Railroad Rolling Stock Manufacturing	RailroadRolling	Manufacture	Railroad Rolling
336611	Ship Building and Repairing	ShipBuilding	Build	Ship Building
336612	Boat Building	BoatBuilding	Build	Boat Building
336991	Motorcycle, Bicycle, and Parts Manufacturing	Motorcycle	Manufacture	Motorcycle
336992	Military Armored Vehicle, Tank, and Tank Component Manufacturing	MilitaryArmored	Manufacture	Military Armored
336999	All Other Transportation Equipment Manufacturing	TransportationEquipment	Manufacture	Transportation Equipment
337110	Wood Kitchen Cabinet and Countertop Manufacturing	WoodKitchen	Manufacture	Wood Kitchen
337121	Upholstered Household Furniture Manufacturing	UpholsteredHousehold	Manufacture	Upholstered Household
337122	Nonupholstered Wood Household Furniture Manufacturing	NonupholsteredWood	Manufacture	Nonupholstered Wood
337126	Household Furniture (except Wood and Upholstered) Manufacturing	HouseholdFurniture	Manufacture	Household Furniture
337127	Institutional Furniture Manufacturing	InstitutionalFurniture	Manufacture	Institutional Furniture
337211	Wood Office Furniture Manufacturing	WoodOffice	Manufacture	Wood Office
337212	Custom Architectural Woodwork and Millwork Manufacturing	CustomArchitectural	Manufacture	Custom Architectural
337214	Office Furniture (except Wood) Manufacturing	OfficeFurniture	Manufacture	Office Furniture
337215	Showcase, Partition, Shelving, and Locker Manufacturing	Showcase	Manufacture	Showcase
337910	Mattress Manufacturing	Mattress	Manufacture	Mattress
337920	Blind and Shade Manufacturing	BlindShade	Manufacture	Blind Shade
339112	Surgical and Medical Instrument Manufacturing	SurgicalMedical	Manufacture	Surgical Medical
339113	Surgical Appliance and Supplies Manufacturing	SurgicalAppliance	Manufacture	Surgical Appliance
339114	Dental Equipment and Supplies Manufacturing	DentalEquipment	Manufacture	Dental Equipment
339115	Ophthalmic Goods Manufacturing	OphthalmicGoods	Manufacture	Ophthalmic Goods
339116	Dental Laboratories	DentalLaboratories	Manufacture	Dental Laboratories
339910	Jewelry and Silverware Manufacturing	JewelrySilverware	Manufacture	Jewelry Silverware
339920	Sporting and Athletic Goods Manufacturing	SportingAthletic	Manufacture	Sporting Athletic
339930	Doll, Toy, and Game Manufacturing	Doll	Manufacture	Doll
339940	Office Supplies (except Paper) Manufacturing	OfficeSupplies	Manufacture	Office Supplies
339950	Sign Manufacturing	Sign	Manufacture	Sign
339991	Gasket, Packing, and Sealing Device Manufacturing	Gasket	Manufacture	Gasket
339992	Musical Instrument Manufacturing	MusicalInstrument	Manufacture	Musical Instrument
339993	Fastener, Button, Needle, and Pin Manufacturing	Fastener	Manufacture	Fastener
339994	Broom, Brush, and Mop Manufacturing	Broom	Manufacture	Broom
339995	Burial Casket Manufacturing	BurialCasket	Manufacture	Burial Casket
339999	All Other Miscellaneous Manufacturing	Miscellaneous	Manufacture	
423110	Automobile and Other Motor Vehicle Merchant Wholesalers	Automobile	Wholesale	Automobile
423120	Motor Vehicle Supplies and New Parts Merchant Wholesalers	MotorVehicle	Wholesale	Motor Vehicle
423130	Tire and Tube Merchant Wholesalers	TireTube	Wholesale	Tire Tube
423140	Motor Vehicle Parts (Used) Merchant Wholesalers	MotorVehicle	Wholesale	Motor Vehicle
423210	Furniture Merchant Wholesalers	Furniture	Wholesale	Furniture
423220	Home Furnishing Merchant Wholesalers	HomeFurnishing	Wholesale	Home Furnishing
423310	Lumber, Plywood, Millwork, and Wood Panel Merchant Wholesalers	Lumber	Wholesale	Lumber
423320	Brick, Stone, and Related Construction Material Merchant Wholesalers	Brick	Wholesale	Brick
423330	Roofing, Siding, and Insulation Material Merchant Wholesalers	Roofing	Wholesale	Roofing
423390	Other Construction Material Merchant Wholesalers	ConstructionMaterial	Wholesale	Construction Material
423410	Photographic Equipment and Supplies Merchant Wholesalers	PhotographicEquipment	Wholesale	Photographic Equipment
423420	Office Equipment Merchant Wholesalers	OfficeEquipment	Wholesale	Office Equipment
423430	Computer and Computer Peripheral Equipment and Software Merchant Wholesalers	ComputerComputer	Wholesale	Computer Computer
423440	Other Commercial Equipment Merchant Wholesalers	CommercialEquipment	Wholesale	Commercial Equipment
423450	Medical, Dental, and Hospital Equipment and Supplies Merchant Wholesalers	Medical	Wholesale	Medical
423460	Ophthalmic Goods Merchant Wholesalers	OphthalmicGoods	Wholesale	Ophthalmic Goods
423490	Other Professional Equipment and Supplies Merchant Wholesalers	ProfessionalEquipment	Wholesale	Professional Equipment
423510	Metal Service Centers and Other Metal Merchant Wholesalers	MetalService	Wholesale	Metal Service
423520	Coal and Other Mineral and Ore Merchant Wholesalers	Coal	Wholesale	Coal
423610	Electrical Apparatus and Equipment, Wiring Supplies, and Related Equipment Merchant Wholesalers	ElectricalApparatus	Wholesale	Electrical Apparatus
423620	Household Appliances, Electric Housewares, and Consumer Electronics Merchant Wholesalers	HouseholdAppliances	Wholesale	Household Appliances
423690	Other Electronic Parts and Equipment Merchant Wholesalers	ElectronicParts	Wholesale	Electronic Parts
423710	Hardware Merchant Wholesalers	Hardware	Wholesale	Hardware
423720	Plumbing and Heating Equipment and Supplies (Hydronics) Merchant Wholesalers	PlumbingHeating	Wholesale	Plumbing Heating
423730	Warm Air Heating and Air-Conditioning Equipment and Supplies Merchant Wholesalers	WarmAir	Wholesale	Warm Air
423740	Refrigeration Equipment and Supplies Merchant Wholesalers	RefrigerationEquipment	Wholesale	Refrigeration Equipment
423810	Construction and Mining (except Oil Well) Machinery and Equipment Merchant Wholesalers	ConstructionMining	Wholesale	Construction Mining
423820	Farm and Garden Machinery and Equipment Merchant Wholesalers	FarmGarden	Wholesale	Farm Garden
423830	Industrial Machinery and Equipment Merchant Wholesalers	IndustrialMachinery	Wholesale	Industrial Machinery
423840	Industrial Supplies Merchant Wholesalers	IndustrialSupplies	Wholesale	Industrial Supplies
423850	Service Establishment Equipment and Supplies Merchant Wholesalers	ServiceEstablishment	Wholesale	Service Establishment
423860	Transportation Equipment and Supplies (except Motor Vehicle) Merchant Wholesalers	TransportationEquipment	Wholesale	Transportation Equipment
423910	Sporting and Recreational Goods and Supplies Merchant Wholesalers	SportingRecreational	Wholesale	Sporting Recreational
423920	Toy and Hobby Goods and Supplies Merchant Wholesalers	ToyHobby	Wholesale	Toy Hobby
423930	Recyclable Material Merchant Wholesalers	RecyclableMaterial	Wholesale	Recyclable Material
423940	Jewelry, Watch, Precious Stone, and Precious Metal Merchant Wholesalers	Jewelry	Wholesale	Jewelry
423990	Other Miscellaneous Durable Goods Merchant Wholesalers	DurableGoods	Wholesale	Durable Goods
424110	Printing and Writing Paper Merchant Wholesalers	PrintingWriting	Distribute	Printing Writing
424120	Stationery and Office Supplies Merchant Wholesalers	StationeryOffice	Distribute	Stationery Office
424130	Industrial and Personal Service Paper Merchant Wholesalers	IndustrialPersonal	Distribute	Industrial Personal
424210	Drugs and Druggists' Sundries Merchant Wholesalers	DrugsDruggists'	Distribute	Drugs Druggists'
424310	Piece Goods, Notions, and Other Dry Goods Merchant Wholesalers	PieceGoods	Wholesale	Piece Goods
424340	Footwear Merchant Wholesalers	Footwear	Wholesale	Footwear
424350	Clothing and Clothing Accessories Merchant Wholesalers	ClothingClothing	Wholesale	Clothing Clothing
424410	General Line Grocery Merchant Wholesalers	GeneralLine	Distribute	General Line
424420	Packaged Frozen Food Merchant Wholesalers	PackagedFrozen	Distribute	Packaged Frozen
424430	Dairy Product (except Dried or Canned) Merchant Wholesalers	DairyProduct	Distribute	Dairy Product
424440	Poultry and Poultry Product Merchant Wholesalers	PoultryPoultry	Distribute	Poultry Poultry
424450	Confectionery Merchant Wholesalers	Confectionery	Distribute	Confectionery
424460	Fish and Seafood Merchant Wholesalers	FishSeafood	Distribute	Fish Seafood
424470	Meat and Meat Product Merchant Wholesalers	MeatMeat	Distribute	Meat Meat
424480	Fresh Fruit and Vegetable Merchant Wholesalers	FreshFruit	Distribute	Fresh Fruit
424490	Other Grocery and Related Products Merchant Wholesalers	Grocery	Distribute	Grocery
424510	Grain and Field Bean Merchant Wholesalers	GrainField	Wholesale	Grain Field
424520	Livestock Merchant Wholesalers	Livestock	Wholesale	Livestock
424590	Other Farm Product Raw Material Merchant Wholesalers	FarmProduct	Wholesale	Farm Product
424610	Plastics Materials and Basic Forms and Shapes Merchant Wholesalers	PlasticsMaterials	Wholesale	Plastics Materials
424690	Other Chemical and Allied Products Merchant Wholesalers	ChemicalAllied	Wholesale	Chemical Allied
424710	Petroleum Bulk Stations and Terminals	PetroleumBulk	Distribute	Petroleum Bulk
424720	Petroleum and Petroleum Products Merchant Wholesalers (except Bulk Stations and Terminals)	PetroleumPetroleum	Distribute	Petroleum Petroleum
424810	Beer and Ale Merchant Wholesalers	BeerAle	Distribute	Beer Ale
424820	Wine and Distilled Alcoholic Beverage Merchant Wholesalers	WineDistilled	Distribute	Wine Distilled
424910	Farm Supplies Merchant Wholesalers	FarmSupplies	Wholesale	Farm Supplies
424920	Book, Periodical, and Newspaper Merchant Wholesalers	Book	Wholesale	Book
424930	Flower, Nursery Stock, and Florists' Supplies Merchant Wholesalers	Flower	Wholesale	Flower
424940	Tobacco Product and Electronic Cigarette Merchant Wholesalers	TobaccoProduct	Wholesale	Tobacco Product
424950	Paint, Varnish, and Supplies Merchant Wholesalers	Paint	Wholesale	Paint
424990	Other Miscellaneous Nondurable Goods Merchant Wholesalers	NondurableGoods	Wholesale	Nondurable Goods
425120	Wholesale Trade Agents and Brokers	WholesaleTrade	Broker	Wholesale Trade
441110	New Car Dealers	NewCar	Sell	New Car
441120	Used Car Dealers	UsedCar	Sell	Used Car
441210	Recreational Vehicle Dealers	RecreationalVehicle	Sell	Recreational Vehicle
441222	Boat Dealers	BoatDealers	Sell	Boat Dealers
441227	Motorcycle, ATV, and All Other Motor Vehicle Dealers	Motorcycle	Sell	Motorcycle
441330	Automotive Parts and Accessories Retailers	AutomotiveParts	Sell	Automotive Parts
441340	Tire Dealers	TireDealers	Sell	Tire Dealers
444110	Home Centers	Home	Sell	Home
444120	Paint and Wallpaper Retailers	PaintWallpaper	Sell	Paint Wallpaper
444140	Hardware Retailers	HardwareRetailers	Sell	Hardware Retailers
444180	Other Building Material Dealers	BuildingMaterial	Sell	Building Material
444230	Outdoor Power Equipment Retailers	OutdoorPower	Sell	Outdoor Power
444240	Nursery, Garden Center, and Farm Supply Retailers	Nursery	Sell	Nursery
445110	Supermarkets and Other Grocery Retailers (except Convenience Retailers)	Supermarkets	Sell	Supermarkets
445131	Convenience Retailers	ConvenienceRetailers	Sell	Convenience Retailers
445132	Vending Machine Operators	VendingMachine	Sell	Vending Machine
445230	Fruit and Vegetable Retailers	FruitVegetable	Sell	Fruit Vegetable
445240	Meat Retailers	MeatRetailers	Sell	Meat Retailers
445250	Fish and Seafood Retailers	FishSeafood	Sell	Fish Seafood
445291	Baked Goods Retailers	BakedGoods	Sell	Baked Goods
445292	Confectionery and Nut Retailers	ConfectioneryNut	Sell	Confectionery Nut
445298	All Other Specialty Food Retailers	SpecialtyFood	Sell	Specialty Food
445320	Beer, Wine, and Liquor Retailers	Beer	Sell	Beer
449110	Furniture Retailers	FurnitureRetailers	Retail	Furniture Retailers
449121	Floor Covering Retailers	FloorCovering	Retail	Floor Covering
449122	Window Treatment Retailers	WindowTreatment	Retail	Window Treatment
449129	All Other Home Furnishings Retailers	HomeFurnishings	Retail	Home Furnishings
449210	Electronics and Appliance Retailers	ElectronicsAppliance	Retail	Electronics Appliance
455110	Department Stores	DepartmentStores	Retail	Department Stores
455211	Warehouse Clubs and Supercenters	WarehouseClubs	Retail	Warehouse Clubs
455219	All Other General Merchandise Retailers	GeneralMerchandise	Retail	General Merchandise
456110	Pharmacies and Drug Retailers	PharmaciesDrug	Retail	Pharmacies Drug
456120	Cosmetics, Beauty Supplies, and Perfume Retailers	Cosmetics	Retail	Cosmetics
456130	Optical Goods Retailers	OpticalGoods	Retail	Optical Goods
456191	Food (Health) Supplement Retailers	FoodSupplement	Retail	Food Supplement
456199	All Other Health and Personal Care Retailers	HealthPersonal	Retail	Health Personal
457110	Gasoline Stations with Convenience Stores	GasolineStations	Retail	Gasoline Stations
457120	Other Gasoline Stations	GasolineStations	Retail	Gasoline Stations
457210	Fuel Dealers	FuelDealers	Retail	Fuel Dealers
458110	Clothing and Clothing Accessories Retailers	ClothingClothing	Retail	Clothing Clothing
458210	Shoe Retailers	ShoeRetailers	Retail	Shoe Retailers
458310	Jewelry Retailers	JewelryRetailers	Retail	Jewelry Retailers
458320	Luggage and Leather Goods Retailers	LuggageLeather	Retail	Luggage Leather
459110	Sporting Goods Retailers	SportingGoods	Retail	Sporting Goods
459120	Hobby, Toy, and Game Retailers	Hobby	Retail	Hobby
459130	Sewing, Needlework, and Piece Goods Retailers	Sewing	Retail	Sewing
459140	Musical Instrument and Supplies Retailers	MusicalInstrument	Retail	Musical Instrument
459210	Book Retailers and News Dealers	BookRetailers	Retail	Book Retailers
459310	Florists	Florists	Retail	Florists
459410	Office Supplies and Stationery Retailers	OfficeSupplies	Retail	Office Supplies
459420	Gift, Novelty, and Souvenir Retailers	Gift	Retail	Gift
459510	Used Merchandise Retailers	UsedMerchandise	Retail	Used Merchandise
459910	Pet and Pet Supplies Retailers	PetPet	Retail	Pet Pet
459920	Art Dealers	ArtDealers	Retail	Art Dealers
459930	Manufactured (Mobile) Home Dealers	ManufacturedHome	Retail	Manufactured Home
459991	Tobacco, Electronic Cigarette, and Other Smoking Supplies Retailers	Tobacco	Retail	Tobacco
459999	All Other Miscellaneous Retailers	Retailers	Retail	Retailers
481111	Scheduled Passenger Air Transportation	ScheduledPassenger	Fly	Scheduled Passenger
481112	Scheduled Freight Air Transportation	ScheduledFreight	Fly	Scheduled Freight
481211	Nonscheduled Chartered Passenger Air Transportation	NonscheduledChartered	Fly	Nonscheduled Chartered
481212	Nonscheduled Chartered Freight Air Transportation	NonscheduledChartered	Fly	Nonscheduled Chartered
481219	Other Nonscheduled Air Transportation	NonscheduledAir	Fly	Nonscheduled Air
482111	Line-Haul Railroads	Line-HaulRailroads	Rail	Line-Haul Railroads
482112	Short Line Railroads	ShortLine	Rail	Short Line
483111	Deep Sea Freight Transportation	DeepSea	Ship	Deep Sea
483112	Deep Sea Passenger Transportation	DeepSea	Ship	Deep Sea
483113	Coastal and Great Lakes Freight Transportation	CoastalGreat	Ship	Coastal Great
483114	Coastal and Great Lakes Passenger Transportation	CoastalGreat	Ship	Coastal Great
483211	Inland Water Freight Transportation	InlandWater	Ship	Inland Water
483212	Inland Water Passenger Transportation	InlandWater	Ship	Inland Water
484110	General Freight Trucking, Local	GeneralFreight	Truck	General Freight
484121	General Freight Trucking, Long-Distance, Truckload	GeneralFreight	Truck	General Freight
484122	General Freight Trucking, Long-Distance, Less Than Truckload	GeneralFreight	Truck	General Freight
484210	Used Household and Office Goods Moving	UsedHousehold	Truck	Used Household
484220	Specialized Freight (except Used Goods) Trucking, Local	SpecializedFreight	Truck	Specialized Freight
484230	Specialized Freight (except Used Goods) Trucking, Long-Distance	SpecializedFreight	Truck	Specialized Freight
485111	Mixed Mode Transit Systems	MixedMode	Transit	Mixed Mode
485112	Commuter Rail Systems	CommuterRail	Transit	Commuter Rail
485113	Bus and Other Motor Vehicle Transit Systems	Bus	Transit	Bus
485119	Other Urban Transit Systems	UrbanTransit	Transit	Urban Transit
485210	Interurban and Rural Bus Transportation	InterurbanRural	Bus	Interurban Rural
485310	Taxi and Ridesharing Services	TaxiRidesharing	Drive	Taxi Ridesharing
485320	Limousine Service	Limousine	Drive	Limousine
485410	School and Employee Bus Transportation	SchoolEmployee	Bus	School Employee
485510	Charter Bus Industry	CharterBus	Charter	Charter Bus
485991	Special Needs Transportation	SpecialNeeds	Transport	Special Needs
485999	All Other Transit and Ground Passenger Transportation	TransitGround	Transport	Transit Ground
486110	Pipeline Transportation of Crude Oil	PipelineTransportation	Pipe	Pipeline Transportation
486210	Pipeline Transportation of Natural Gas	PipelineTransportation	Pipe	Pipeline Transportation
486910	Pipeline Transportation of Refined Petroleum Products	PipelineTransportation	Pipe	Pipeline Transportation
486990	All Other Pipeline Transportation	PipelineTransportation	Pipe	Pipeline Transportation
487110	Scenic and Sightseeing Transportation, Land	ScenicSightseeing	Tour	Scenic Sightseeing
487210	Scenic and Sightseeing Transportation, Water	ScenicSightseeing	Cruise	Scenic Sightseeing
487990	Scenic and Sightseeing Transportation, Other	ScenicSightseeing	Tour	Scenic Sightseeing
488111	Air Traffic Control	AirTraffic	Support	Air Traffic
488119	Other Airport Operations	AirportOperations	Support	Airport Operations
488190	Other Support Activities for Air Transportation	SupportActivities	Support	Support Activities
488210	Support Activities for Rail Transportation	SupportActivities	Support	Support Activities
488310	Port and Harbor Operations	PortHarbor	Support	Port Harbor
488320	Marine Cargo Handling	MarineCargo	Support	Marine Cargo
488330	Navigational Services to Shipping	NavigationalServices	Support	Navigational Services
488390	Other Support Activities for Water Transportation	SupportActivities	Support	Support Activities
488410	Motor Vehicle Towing	MotorVehicle	Support	Motor Vehicle
488490	Other Support Activities for Road Transportation	SupportActivities	Support	Support Activities
488510	Freight Transportation Arrangement	FreightTransportation	Arrange	Freight Transportation
488991	Packing and Crating	PackingCrating	Support	Packing Crating
488999	All Other Support Activities for Transportation	SupportActivities	Support	Support Activities
491110	Postal Service	Postal	Deliver	Postal
492110	Couriers and Express Delivery Services	CouriersExpress	Deliver	Couriers Express
492210	Local Messengers and Local Delivery	LocalMessengers	Deliver	Local Messengers
493110	General Warehousing and Storage	GeneralWarehousing	Store	General Warehousing
493120	Refrigerated Warehousing and Storage	RefrigeratedWarehousing	Store	Refrigerated Warehousing
493130	Farm Product Warehousing and Storage	FarmProduct	Store	Farm Product
493190	Other Warehousing and Storage	WarehousingStorage	Store	Warehousing Storage
512110	Motion Picture and Video Production	MotionPicture	Produce	Motion Picture
512120	Motion Picture and Video Distribution	MotionPicture	Produce	Motion Picture
512131	Motion Picture Theaters (except Drive-Ins)	MotionPicture	Produce	Motion Picture
512132	Drive-In Motion Picture Theaters	Drive-InMotion	Produce	Drive-In Motion
512191	Teleproduction and Other Postproduction Services	Teleproduction	Produce	Teleproduction
512199	Other Motion Picture and Video Industries	MotionPicture	Produce	Motion Picture
512230	Music Publishers	MusicPublishers	Record	Music Publishers
512240	Sound Recording Studios	SoundRecording	Record	Sound Recording
512250	Record Production and Distribution	RecordProduction	Record	Record Production
512290	Other Sound Recording Industries	SoundRecording	Record	Sound Recording
513110	Newspaper Publishers	NewspaperPublishers	Publish	Newspaper Publishers
513120	Periodical Publishers	PeriodicalPublishers	Publish	Periodical Publishers
513130	Book Publishers	BookPublishers	Publish	Book Publishers
513140	Directory and Mailing List Publishers	DirectoryMailing	Publish	Directory Mailing
513191	Greeting Card Publishers	GreetingCard	Publish	Greeting Card
513199	All Other Publishers	Publishers	Publish	Publishers
513210	Software Publishers	SoftwarePublishers	Develop	Software Publishers
516110	Radio Broadcasting Stations	RadioBroadcasting	Broadcast	Radio Broadcasting
516120	Television Broadcasting Stations	TelevisionBroadcasting	Broadcast	Television Broadcasting
516210	Media Streaming Distribution Services, Social Networks, and Other Media Networks and Content Providers	MediaStreaming	Stream	Media Streaming
517111	Wired Telecommunications Carriers	WiredTelecommunications	Connect	Wired Telecommunications
517112	Wireless Telecommunications Carriers (except Satellite)	WirelessTelecommunications	Connect	Wireless Telecommunications
517121	Telecommunications Resellers	TelecommunicationsResellers	Connect	Telecommunications Resellers
517122	Agents for Wireless Telecommunications Services	AgentsWireless	Connect	Agents Wireless
517410	Satellite Telecommunications	SatelliteTelecommunications	Beam	Satellite Telecommunications
517810	All Other Telecommunications	Telecommunications	Connect	Telecommunications
518210	Computing Infrastructure Providers, Data Processing, Web Hosting, and Related Services	ComputingInfrastructure	Host	Computing Infrastructure
519210	Libraries and Archives	LibrariesArchives	Search	Libraries Archives
519290	Web Search Portals and All Other Information Services	WebSearch	Search	Web Search
521110	Monetary Authorities-Central Bank	MonetaryAuthorities-Central	Regulate	Currency
522110	Commercial Banking	CommercialBanking	Bank	Deposits
522130	Credit Unions	CreditUnions	Bank	Members
522180	Savings Institutions and Other Depository Credit Intermediation	SavingsInstitutions	Bank	Savings
522210	Credit Card Issuing	CreditCard	Lend	Credit
522220	Sales Financing	SalesFinancing	Lend	Purchases
522291	Consumer Lending	ConsumerLending	Lend	Consumers
522292	Real Estate Credit	RealEstate	Lend	Mortgages
522299	International, Secondary Market, and All Other Nondepository Credit Intermediation	International	Lend	Loans
522310	Mortgage and Nonmortgage Loan Brokers	MortgageNonmortgage	Process	Loans
522320	Financial Transactions Processing, Reserve, and Clearinghouse Activities	FinancialTransactions	Process	Transactions
522390	Other Activities Related to Credit Intermediation	ActivitiesRelated	Process	Credit
523150	Investment Banking and Securities Intermediation	InvestmentBanking	Trade	Securities
523160	Commodity Contracts Intermediation	CommodityContracts	Trade	Commodities
523210	Securities and Commodity Exchanges	SecuritiesCommodity	Trade	Markets
523910	Miscellaneous Intermediation	Intermediation	Invest	Funds
523940	Portfolio Management and Investment Advice	PortfolioManagement	Invest	Portfolios
523991	Trust, Fiduciary, and Custody Activities	Trust	Invest	Assets
523999	Miscellaneous Financial Investment Activities	FinancialInvestment	Invest	Investments
524113	Direct Life Insurance Carriers	DirectLife	Insure	Lives
524114	Direct Health and Medical Insurance Carriers	DirectHealth	Insure	Health
524126	Direct Property and Casualty Insurance Carriers	DirectProperty	Insure	Property
524127	Direct Title Insurance Carriers	DirectTitle	Insure	Titles
524128	Other Direct Insurance (except Life, Health, and Medical) Carriers	DirectInsurance	Insure	Risks
524130	Reinsurance Carriers	Reinsurance	Insure	Policies
524210	Insurance Agencies and Brokerages	InsuranceAgencies	Broker	Policies
524291	Claims Adjusting	ClaimsAdjusting	Broker	Claims
524292	Pharmacy Benefit Management and Other Third Party Administration of Insurance and Pension Funds	PharmacyBenefit	Broker	Benefits
524298	All Other Insurance Related Activities	InsuranceRelated	Broker	Insurance
525110	Pension Funds	PensionFunds	Manage	Pensions
525120	Health and Welfare Funds	HealthWelfare	Manage	Benefits
525190	Other Insurance Funds	InsuranceFunds	Manage	Reserves
525910	Open-End Investment Funds	Open-EndInvestment	Pool	Portfolios
525920	Trusts, Estates, and Agency Accounts	Trusts	Pool	Trusts
525990	Other Financial Vehicles	FinancialVehicles	Pool	Investments
531110	Lessors of Residential Buildings and Dwellings	LessorsResidential	Lease	Residential
531120	Lessors of Nonresidential Buildings (except Miniwarehouses)	LessorsNonresidential	Lease	Commercial
531130	Lessors of Miniwarehouses and Self-Storage Units	LessorsMiniwarehouses	Lease	Storage
531190	Lessors of Other Real Estate Property	LessorsOther	Lease	Land
531210	Offices of Real Estate Agents and Brokers	RealEstate	Broker	Property
531311	Residential Property Managers	ResidentialProperty	Manage	Residential
531312	Nonresidential Property Managers	NonresidentialProperty	Manage	Commercial
531320	Offices of Real Estate Appraisers	RealEstate	Manage	Values
531390	Other Activities Related to Real Estate	ActivitiesRelated	Manage	Property
532111	Passenger Car Rental	PassengerCar	Rent	Cars
532112	Passenger Car Leasing	PassengerCar	Rent	Vehicles
532120	Truck, Utility Trailer, and RV (Recreational Vehicle) Rental and Leasing	Truck	Rent	Trucks
532210	Consumer Electronics and Appliances Rental	ConsumerElectronics	Rent	Electronics
532281	Formal Wear and Costume Rental	FormalWear	Rent	Costumes
532282	Video Tape and Disc Rental	VideoTape	Rent	Videos
532283	Home Health Equipment Rental	HomeHealth	Rent	Equipment
532284	Recreational Goods Rental	RecreationalGoods	Rent	Gear
532289	All Other Consumer Goods Rental	ConsumerGoods	Rent	Goods
532310	General Rental Centers	GeneralRental	Rent	Equipment
532411	Commercial Air, Rail, and Water Transportation Equipment Rental and Leasing	CommercialAir	Lease	Aircraft
532412	Construction, Mining, and Forestry Machinery and Equipment Rental and Leasing	Construction	Lease	Machinery
532420	Office Machinery and Equipment Rental and Leasing	OfficeMachinery	Lease	Office
532490	Other Commercial and Industrial Machinery and Equipment Rental and Leasing	CommercialIndustrial	Lease	Equipment
533110	Lessors of Nonfinancial Intangible Assets (except Copyrighted Works)	LessorsNonfinancial	License	IP
541110	Offices of Lawyers	Lawyers	Practice	Law
541120	Offices of Notaries	Notaries	Practice	Documents
541191	Title Abstract and Settlement Offices	TitleAbstract	Practice	Titles
541199	All Other Legal Services	Legal	Practice	Legal
541211	Offices of Certified Public Accountants	CertifiedPublic	Audit	Finances
541213	Tax Preparation Services	TaxPreparation	Audit	Taxes
541214	Payroll Services	Payroll	Audit	Payroll
541219	Other Accounting Services	Accounting	Audit	Books
541310	Architectural Services	Architectural	Design	Buildings
541320	Landscape Architectural Services	LandscapeArchitectural	Design	Landscapes
541330	Engineering Services	Engineering	Design	Systems
541340	Drafting Services	Drafting	Design	Plans
541350	Building Inspection Services	BuildingInspection	Design	Buildings
541360	Geophysical Surveying and Mapping Services	GeophysicalSurveying	Design	Terrain
541370	Surveying and Mapping (except Geophysical) Services	SurveyingMapping	Design	Land
541380	Testing Laboratories and Services	TestingLaboratories	Design	Materials
541410	Interior Design Services	InteriorDesign	Design	Interiors
541420	Industrial Design Services	IndustrialDesign	Design	Products
541430	Graphic Design Services	GraphicDesign	Design	Graphics
541490	Other Specialized Design Services	SpecializedDesign	Design	Designs
541511	Custom Computer Programming Services	CustomComputer	Develop	Software
541512	Computer Systems Design Services	ComputerSystems	Develop	Systems
541513	Computer Facilities Management Services	ComputerFacilities	Develop	Infrastructure
541519	Other Computer Related Services	ComputerRelated	Develop	IT
541611	Administrative Management and General Management Consulting Services	AdministrativeManagement	Consult	Strategy
541612	Human Resources Consulting Services	HumanResources	Consult	HR
541613	Marketing Consulting Services	MarketingConsulting	Consult	Marketing
541614	Process, Physical Distribution, and Logistics Consulting Services	Process	Consult	Logistics
541618	Other Management Consulting Services	ManagementConsulting	Consult	Operations
541620	Environmental Consulting Services	EnvironmentalConsulting	Consult	Environment
541690	Other Scientific and Technical Consulting Services	ScientificTechnical	Consult	Technical
541713	Research and Development in Nanotechnology	ResearchDevelopment	Research	Nanotech
541714	Research and Development in Biotechnology (except Nanobiotechnology)	ResearchDevelopment	Research	Biotech
541715	Research and Development in the Physical, Engineering, and Life Sciences (except Nanotechnology and Biotechnology)	ResearchDevelopment	Research	Science
541720	Research and Development in the Social Sciences and Humanities	ResearchDevelopment	Research	Social
541810	Advertising Agencies	AdvertisingAgencies	Advertise	Campaigns
541820	Public Relations Agencies	PublicRelations	Advertise	Reputation
541830	Media Buying Agencies	MediaBuying	Advertise	Media
541840	Media Representatives	MediaRepresentatives	Advertise	Ads
541850	Indoor and Outdoor Display Advertising	IndoorOutdoor	Advertise	Displays
541860	Direct Mail Advertising	DirectMail	Advertise	Mail
541870	Advertising Material Distribution Services	AdvertisingMaterial	Advertise	Materials
541890	Other Services Related to Advertising	ServicesRelated	Advertise	Promotions
541910	Marketing Research and Public Opinion Polling	MarketingResearch	Consult	Markets
541921	Photography Studios, Portrait	PhotographyStudios	Consult	Portraits
541922	Commercial Photography	CommercialPhotography	Consult	Photos
541930	Translation and Interpretation Services	TranslationInterpretation	Consult	Languages
541940	Veterinary Services	Veterinary	Consult	Animals
541990	All Other Professional, Scientific, and Technical Services	Professional	Consult	Projects
551111	Offices of Bank Holding Companies	BankHolding	Manage	Bank Holding
551112	Offices of Other Holding Companies	HoldingCompanies	Manage	Holding Companies
551114	Corporate, Subsidiary, and Regional Managing Offices	Corporate	Manage	Corporate
561110	Office Administrative Services	OfficeAdministrative	Administer	Office Administrative
561210	Facilities Support Services	FacilitiesSupport	Support	Facilities Support
561311	Employment Placement Agencies	EmploymentPlacement	Staff	Employment Placement
561312	Executive Search Services	ExecutiveSearch	Staff	Executive Search
561320	Temporary Help Services	TemporaryHelp	Staff	Temporary Help
561330	Professional Employer Organizations	ProfessionalEmployer	Staff	Professional Employer
561410	Document Preparation Services	DocumentPreparation	Support	Document Preparation
561421	Telephone Answering Services	TelephoneAnswering	Support	Telephone Answering
561422	Telemarketing Bureaus and Other Contact Centers	TelemarketingBureaus	Support	Telemarketing Bureaus
561431	Private Mail Centers	PrivateMail	Support	Private Mail
561439	Other Business Service Centers (including Copy Shops)	BusinessService	Support	Business Service
561440	Collection Agencies	CollectionAgencies	Support	Collection Agencies
561450	Credit Bureaus	CreditBureaus	Support	Credit Bureaus
561491	Repossession Services	Repossession	Support	Repossession
561492	Court Reporting and Stenotype Services	CourtReporting	Support	Court Reporting
561499	All Other Business Support Services	BusinessSupport	Support	Business Support
561510	Travel Agencies	TravelAgencies	Book	Travel Agencies
561520	Tour Operators	TourOperators	Book	Tour Operators
561591	Convention and Visitors Bureaus	ConventionVisitors	Book	Convention Visitors
561599	All Other Travel Arrangement and Reservation Services	TravelArrangement	Book	Travel Arrangement
561611	Investigation and Personal Background Check Services	InvestigationPersonal	Secure	Investigation Personal
561612	Security Guards and Patrol Services	SecurityGuards	Secure	Security Guards
561613	Armored Car Services	ArmoredCar	Secure	Armored Car
561621	Security Systems Services (except Locksmiths)	SecuritySystems	Secure	Security Systems
561622	Locksmiths	Locksmiths	Secure	Locksmiths
561710	Exterminating and Pest Control Services	ExterminatingPest	Clean	Exterminating Pest
561720	Janitorial Services	Janitorial	Clean	Janitorial
561730	Landscaping Services	Landscaping	Clean	Landscaping
561740	Carpet and Upholstery Cleaning Services	CarpetUpholstery	Clean	Carpet Upholstery
561790	Other Services to Buildings and Dwellings	ServicesBuildings	Clean	Services Buildings
561910	Packaging and Labeling Services	PackagingLabeling	Support	Packaging Labeling
561920	Convention and Trade Show Organizers	ConventionTrade	Support	Convention Trade
561990	All Other Support Services	Support	Support	Support
562111	Solid Waste Collection	SolidWaste	Collect	Solid Waste
562112	Hazardous Waste Collection	HazardousWaste	Collect	Hazardous Waste
562119	Other Waste Collection	WasteCollection	Collect	Waste Collection
562211	Hazardous Waste Treatment and Disposal	HazardousWaste	Dispose	Hazardous Waste
562212	Solid Waste Landfill	SolidWaste	Dispose	Solid Waste
562213	Solid Waste Combustors and Incinerators	SolidWaste	Dispose	Solid Waste
562219	Other Nonhazardous Waste Treatment and Disposal	NonhazardousWaste	Dispose	Nonhazardous Waste
562910	Remediation Services	Remediation	Remediate	Remediation
562920	Materials Recovery Facilities	MaterialsRecovery	Remediate	Materials Recovery
562991	Septic Tank and Related Services	SepticTank	Remediate	Septic Tank
562998	All Other Miscellaneous Waste Management Services	WasteManagement	Remediate	Waste Management
611110	Elementary and Secondary Schools	ElementarySecondary	Teach	K12
611210	Junior Colleges	JuniorColleges	Teach	Associates
611310	Colleges, Universities, and Professional Schools	Colleges	Teach	Degrees
611410	Business and Secretarial Schools	BusinessSecretarial	Train	Business
611420	Computer Training	ComputerTraining	Train	Computers
611430	Professional and Management Development Training	ProfessionalManagement	Train	Managers
611511	Cosmetology and Barber Schools	CosmetologyBarber	Train	Stylists
611512	Flight Training	FlightTraining	Train	Pilots
611513	Apprenticeship Training	ApprenticeshipTraining	Train	Apprentices
611519	Other Technical and Trade Schools	TechnicalTrade	Train	Technicians
611610	Fine Arts Schools	FineArts	Instruct	Artists
611620	Sports and Recreation Instruction	SportsRecreation	Instruct	Athletes
611630	Language Schools	LanguageSchools	Instruct	Languages
611691	Exam Preparation and Tutoring	ExamPreparation	Instruct	Students
611692	Automobile Driving Schools	AutomobileDriving	Instruct	Drivers
611699	All Other Miscellaneous Schools and Instruction	SchoolsInstruction	Instruct	Learners
611710	Educational Support Services	EducationalSupport	Support	Schools
621111	Offices of Physicians (except Mental Health Specialists)	Physicians	Treat	Patients
621112	Offices of Physicians, Mental Health Specialists	Physicians	Treat	Mental Health
621210	Offices of Dentists	Dentists	Treat	Dental
621310	Offices of Chiropractors	Chiropractors	Treat	Spines
621320	Offices of Optometrists	Optometrists	Treat	Vision
621330	Offices of Mental Health Practitioners (except Physicians)	MentalHealth	Treat	Mental Health
621340	Offices of Physical, Occupational and Speech Therapists, and Audiologists	Physical	Treat	Rehabilitation
621391	Offices of Podiatrists	Podiatrists	Treat	Feet
621399	Offices of All Other Miscellaneous Health Practitioners	HealthPractitioners	Treat	Patients
621410	Family Planning Centers	FamilyPlanning	Treat	Families
621420	Outpatient Mental Health and Substance Abuse Centers	OutpatientMental	Treat	Addiction
621491	HMO Medical Centers	HMOMedical	Treat	Members
621492	Kidney Dialysis Centers	KidneyDialysis	Treat	Kidneys
621493	Freestanding Ambulatory Surgical and Emergency Centers	FreestandingAmbulatory	Treat	Surgery
621498	All Other Outpatient Care Centers	OutpatientCare	Treat	Outpatients
621511	Medical Laboratories	MedicalLaboratories	Diagnose	Samples
621512	Diagnostic Imaging Centers	DiagnosticImaging	Diagnose	Imaging
621610	Home Health Care Services	HomeHealth	Care	Homebound
621910	Ambulance Services	Ambulance	Treat	Emergencies
621991	Blood and Organ Banks	BloodOrgan	Treat	Blood
621999	All Other Miscellaneous Ambulatory Health Care Services	AmbulatoryHealth	Treat	Patients
622110	General Medical and Surgical Hospitals	GeneralMedical	Treat	Inpatients
622210	Psychiatric and Substance Abuse Hospitals	PsychiatricSubstance	Treat	Psychiatric
622310	Specialty (except Psychiatric and Substance Abuse) Hospitals	SpecialtyHospitals	Treat	Specialty
623110	Nursing Care Facilities (Skilled Nursing Facilities)	NursingCare	Care	Elderly
623210	Residential Intellectual and Developmental Disability Facilities	ResidentialIntellectual	Care	Disabled
623220	Residential Mental Health and Substance Abuse Facilities	ResidentialMental	Care	Recovering
623311	Continuing Care Retirement Communities	ContinuingCare	Care	Retirees
623312	Assisted Living Facilities for the Elderly	AssistedLiving	Care	Seniors
623990	Other Residential Care Facilities	ResidentialCare	Care	Residents
624110	Child and Youth Services	ChildYouth	Serve	Youth
624120	Services for the Elderly and Persons with Disabilities	ServicesElderly	Serve	Elderly
624190	Other Individual and Family Services	IndividualFamily	Serve	Families
624210	Community Food Services	CommunityFood	Aid	Hungry
624221	Temporary Shelters	TemporaryShelters	Aid	Homeless
624229	Other Community Housing Services	CommunityHousing	Aid	Housing
624230	Emergency and Other Relief Services	Emergency	Aid	Disasters
624310	Vocational Rehabilitation Services	VocationalRehabilitation	Rehabilitate	Disabled
624410	Child Care Services	ChildCare	Care	Children
711110	Theater Companies and Dinner Theaters	TheaterCompanies	Perform	Theater
711120	Dance Companies	DanceCompanies	Perform	Dance
711130	Musical Groups and Artists	MusicalGroups	Perform	Music
711190	Other Performing Arts Companies	PerformingArts	Perform	Shows
711211	Sports Teams and Clubs	SportsTeams	Compete	Teams
711212	Racetracks	Racetracks	Compete	Racetracks
711219	Other Spectator Sports	SpectatorSports	Compete	Sports
711310	Promoters of Performing Arts, Sports, and Similar Events with Facilities	PromotersPerforming	Promote	Events
711320	Promoters of Performing Arts, Sports, and Similar Events without Facilities	PromotersPerforming	Promote	Events
711410	Agents and Managers for Artists, Athletes, Entertainers, and Other Public Figures	AgentsManagers	Represent	Talent
711510	Independent Artists, Writers, and Performers	IndependentArtists	Create	Art
712110	Museums	Museums	Exhibit	History
712120	Historical Sites	HistoricalSites	Exhibit	Sites
712130	Zoos and Botanical Gardens	ZoosBotanical	Exhibit	Nature
712190	Nature Parks and Other Similar Institutions	NatureParks	Exhibit	Culture
713110	Amusement and Theme Parks	AmusementTheme	Operate	Rides
713120	Amusement Arcades	AmusementArcades	Operate	Arcades
713210	Casinos (except Casino Hotels)	Casinos	Operate	Casinos
713290	Other Gambling Industries	GamblingIndustries	Operate	Gambling
713910	Golf Courses and Country Clubs	GolfCourses	Recreate	Golf
713920	Skiing Facilities	Skiing	Recreate	Skiing
713930	Marinas	Marinas	Recreate	Marinas
713940	Fitness and Recreational Sports Centers	FitnessRecreational	Recreate	Fitness
713950	Bowling Centers	Bowling	Recreate	Bowling
713990	All Other Amusement and Recreation Industries	AmusementRecreation	Recreate	Recreation
721110	Hotels (except Casino Hotels) and Motels	HotelsMotels	Lodge	Guests
721120	Casino Hotels	CasinoHotels	Lodge	Casinos
721191	Bed-and-Breakfast Inns	Bed-and-BreakfastInns	Lodge	Resorts
721199	All Other Traveler Accommodation	TravelerAccommodation	Lodge	Travelers
721211	RV (Recreational Vehicle) Parks and Campgrounds	RVParks	Camp	Campers
721214	Recreational and Vacation Camps (except Campgrounds)	RecreationalVacation	Camp	Campers
721310	Rooming and Boarding Houses, Dormitories, and Workers' Camps	RoomingBoarding	Board	Boarders
722310	Food Service Contractors	FoodService	Cater	Events
722320	Caterers	Caterers	Cater	Caterers
722330	Mobile Food Services	MobileFood	Cater	Concessions
722410	Drinking Places (Alcoholic Beverages)	DrinkingPlaces	Serve	Drinks
722511	Full-Service Restaurants	Full-ServiceRestaurants	Serve	Diners
722513	Limited-Service Restaurants	Limited-ServiceRestaurants	Serve	Fast Food
722514	Cafeterias, Grill Buffets, and Buffets	Cafeterias	Serve	Diners
722515	Snack and Nonalcoholic Beverage Bars	SnackNonalcoholic	Serve	Snacks
811111	General Automotive Repair	GeneralAutomotive	Repair	Engines
811114	Specialized Automotive Repair	SpecializedAutomotive	Repair	Specialized Automotive
811121	Automotive Body, Paint, and Interior Repair and Maintenance	AutomotiveBody	Repair	Bodies
811122	Automotive Glass Replacement Shops	AutomotiveGlass	Repair	Interiors
811191	Automotive Oil Change and Lubrication Shops	AutomotiveOil	Repair	Glass
811192	Car Washes	CarWashes	Repair	Washes
811198	All Other Automotive Repair and Maintenance	AutomotiveRepair	Repair	Vehicles
811210	Electronic and Precision Equipment Repair and Maintenance	ElectronicPrecision	Repair	Electronics
811310	Commercial and Industrial Machinery and Equipment (except Automotive and Electronic) Repair and Maintenance	CommercialIndustrial	Repair	Machinery
811411	Home and Garden Equipment Repair and Maintenance	HomeGarden	Repair	Upholstery
811412	Appliance Repair and Maintenance	ApplianceRepair	Repair	Clothing
811420	Reupholstery and Furniture Repair	ReupholsteryFurniture	Repair	Appliances
811430	Footwear and Leather Goods Repair	FootwearLeather	Repair	Shoes
811490	Other Personal and Household Goods Repair and Maintenance	PersonalHousehold	Repair	Goods
812111	Barber Shops	BarberShops	Groom	Hair
812112	Beauty Salons	BeautySalons	Groom	Nails
812113	Nail Salons	NailSalons	Groom	Faces
812191	Diet and Weight Reducing Centers	DietWeight	Groom	Diets
812199	Other Personal Care Services	PersonalCare	Groom	Beauty
812210	Funeral Homes and Funeral Services	FuneralHomes	Inter	Deceased
812220	Cemeteries and Crematories	CemeteriesCrematories	Inter	Remains
812310	Coin-Operated Laundries and Drycleaners	Coin-OperatedLaundries	Launder	Laundry
812320	Drycleaning and Laundry Services (except Coin-Operated)	DrycleaningLaundry	Launder	Dry Cleaning
812331	Linen Supply	LinenSupply	Launder	Linens
812332	Industrial Launderers	IndustrialLaunderers	Launder	Uniforms
812910	Pet Care (except Veterinary) Services	PetCare	Serve	Pets
812921	Photofinishing Laboratories (except One-Hour)	PhotofinishingLaboratories	Serve	Photos
812922	One-Hour Photofinishing	One-HourPhotofinishing	Serve	Dates
812930	Parking Lots and Garages	ParkingLots	Serve	Parking
812990	All Other Personal Services	Personal	Serve	Personal
813110	Religious Organizations	ReligiousOrganizations	Worship	Faith
813211	Grantmaking Foundations	GrantmakingFoundations	Grant	Causes
813212	Voluntary Health Organizations	VoluntaryHealth	Grant	Charities
813219	Other Grantmaking and Giving Services	GrantmakingGiving	Grant	Donations
813311	Human Rights Organizations	HumanRights	Advocate	Rights
813312	Environment, Conservation and Wildlife Organizations	Environment	Advocate	Environment
813319	Other Social Advocacy Organizations	SocialAdvocacy	Advocate	Causes
813410	Civic and Social Organizations	CivicSocial	Organize	Communities
813910	Business Associations	BusinessAssociations	Represent	Industries
813920	Professional Organizations	ProfessionalOrganizations	Represent	Professions
813930	Labor Unions and Similar Labor Organizations	LaborUnions	Represent	Labor
813940	Political Organizations	PoliticalOrganizations	Represent	Politics
813990	Other Similar Organizations (except Business, Professional, Labor, and Political Organizations)	SimilarOrganizations	Represent	Members
814110	Private Households	PrivateHouseholds	Employ	Households
921110	Executive Offices	ExecutiveOffices	Govern	Executive
921120	Legislative Bodies	LegislativeBodies	Govern	Legislative
921130	Public Finance Activities	PublicFinance	Govern	Finance
921140	Executive and Legislative Offices, Combined	ExecutiveLegislative	Govern	Statistics
921150	American Indian and Alaska Native Tribal Governments	AmericanIndian	Govern	Budgets
921190	Other General Government Support	GeneralGovernment	Govern	Government
922110	Courts	Courts	Enforce	Courts
922120	Police Protection	PoliceProtection	Enforce	Police
922130	Legal Counsel and Prosecution	LegalCounsel	Enforce	Legal
922140	Correctional Institutions	CorrectionalInstitutions	Enforce	Corrections
922150	Parole Offices and Probation Offices	ParoleOffices	Enforce	Parole
922160	Fire Protection	FireProtection	Enforce	Fire
922190	Other Justice, Public Order, and Safety Activities	Justice	Enforce	Safety
923110	Administration of Education Programs	AdministrationEducation	Administer	Education
923120	Administration of Public Health Programs	AdministrationPublic	Administer	Health
923130	Administration of Human Resource Programs (except Education, Public Health, and Veterans' Affairs Programs)	AdministrationHuman	Administer	Veterans
923140	Administration of Veterans' Affairs	AdministrationVeterans'	Administer	Welfare
924110	Administration of Air and Water Resource and Solid Waste Management Programs	AdministrationAir	Administer	Air
924120	Administration of Conservation Programs	AdministrationConservation	Administer	Conservation
925110	Administration of Housing Programs	AdministrationHousing	Administer	Administration Housing
925120	Administration of Urban Planning and Community and Rural Development	AdministrationUrban	Administer	Administration Urban
926110	Administration of General Economic Programs	AdministrationGeneral	Administer	Commerce
926120	Regulation and Administration of Transportation Programs	RegulationAdministration	Administer	Agriculture
926130	Regulation and Administration of Communications, Electric, Gas, and Other Utilities	RegulationAdministration	Administer	Energy
926140	Regulation of Agricultural Marketing and Commodities	RegulationAgricultural	Administer	Tourism
926150	Regulation, Licensing, and Inspection of Miscellaneous Commercial Sectors	Regulation	Administer	Banking
927110	Space Research and Technology	SpaceResearch	Research	Space
928110	National Security	NationalSecurity	Defend	Defense
928120	International Affairs	InternationalAffairs	Defend	Diplomacy